pull à perles gris chiné,"25,99 €",2018-11-17 19:25:02.564458
pull côtelé camel,"12,99 €",2018-11-17 19:25:02.564483
pull toucher cachemire écru,"15,99 €",2018-11-17 19:25:02.564489
pull à perles gris chiné,"25,99 €",2018-11-17 19:25:04.393073
pull côtelé camel,"12,99 €",2018-11-17 19:25:04.393114
pull toucher cachemire écru,"15,99 €",2018-11-17 19:25:04.393120
pull à perles gris chiné,"25,99 €",2018-11-17 19:25:37.606903
pull côtelé camel,"12,99 €",2018-11-17 19:25:37.606933
pull toucher cachemire écru,"15,99 €",2018-11-17 19:25:37.606939
pull à perles gris chiné,"25,99 €",2018-11-17 19:26:37.589122
pull côtelé camel,"12,99 €",2018-11-17 19:26:37.589152
pull toucher cachemire écru,"15,99 €",2018-11-17 19:26:37.589159
